[
  {
    "name": "Valor Form",
    "type": "progressive",
    "loop": true,
    "stages": [
      {
        "img": "images/valor.png",
        "codes": "valorform1"
      },
      {
        "img": "images/valor.png",
        "img_mods": "overlay|images/two.png",
        "codes": "valorform2"
      },
      {
        "img": "images/valor.png",
        "img_mods": "overlay|images/three.png",
        "codes": "valorform3"
      },
      {
        "img": "images/valor.png",
        "img_mods": "overlay|images/four.png",
        "codes": "valorform4"
      },
      {
        "img": "images/valor.png",
        "img_mods": "overlay|images/five.png",
        "codes": "valorform5"
      },
      {
        "img": "images/valor.png",
        "img_mods": "overlay|images/six.png",
        "codes": "valorform6"
      },
      {
        "img": "images/valor.png",
        "img_mods": "overlay|images/seven.png",
        "codes": "valorform7"
      }
    ]
  },
  {
    "name": "Auto Valor",
    "type": "toggle_badged",
    "base_item": "valorform1",
    "img": "images/triangle.png",
    "codes": "autovalor"
  },
  {
    "name": "Wisdom Form",
    "type": "progressive",
    "loop": true,
    "stages": [
      {
        "img": "images/wisdom.png",
        "codes": "wisdomform1"
      },
      {
        "img": "images/wisdom.png",
        "img_mods": "overlay|images/two.png",
        "inherit_codes": true
      },
      {
        "img": "images/wisdom.png",
        "img_mods": "overlay|images/three.png",
        "inherit_codes": true
      },
      {
        "img": "images/wisdom.png",
        "img_mods": "overlay|images/four.png",
        "inherit_codes": true
      },
      {
        "img": "images/wisdom.png",
        "img_mods": "overlay|images/five.png",
        "inherit_codes": true
      },
      {
        "img": "images/wisdom.png",
        "img_mods": "overlay|images/six.png",
        "inherit_codes": true
      },
      {
        "img": "images/wisdom.png",
        "img_mods": "overlay|images/seven.png",
        "inherit_codes": true
      }
    ]
  },
  {
    "name": "Auto Wisdom",
    "type": "toggle_badged",
    "base_item": "wisdomform1",
    "img": "images/triangle.png",
    "codes": "autowisdom"
  },
  {
    "name": "Limit Form",
    "type": "progressive",
    "loop": true,
    "stages": [
      {
        "img": "images/limit.png",
        "codes": "limitform1"
      },
      {
        "img": "images/limit.png",
        "img_mods": "overlay|images/two.png",
        "inherit_codes": true
      },
      {
        "img": "images/limit.png",
        "img_mods": "overlay|images/three.png",
        "inherit_codes": true
      },
      {
        "img": "images/limit.png",
        "img_mods": "overlay|images/four.png",
        "inherit_codes": true
      },
      {
        "img": "images/limit.png",
        "img_mods": "overlay|images/five.png",
        "inherit_codes": true
      },
      {
        "img": "images/limit.png",
        "img_mods": "overlay|images/six.png",
        "inherit_codes": true
      },
      {
        "img": "images/limit.png",
        "img_mods": "overlay|images/seven.png",
        "inherit_codes": true
      }
    ]
  },
  {
    "name": "Auto Limit",
    "type": "toggle_badged",
    "base_item": "limitform1",
    "img": "images/triangle.png",
    "codes": "autolimit"
  },
  {
    "name": "Master Form",
    "type": "progressive",
    "loop": true,
    "stages": [
      {
        "img": "images/master.png",
        "codes": "masterform1"
      },
      {
        "img": "images/master.png",
        "img_mods": "overlay|images/two.png",
        "inherit_codes": true
      },
      {
        "img": "images/master.png",
        "img_mods": "overlay|images/three.png",
        "inherit_codes": true
      },
      {
        "img": "images/master.png",
        "img_mods": "overlay|images/four.png",
        "inherit_codes": true
      },
      {
        "img": "images/master.png",
        "img_mods": "overlay|images/five.png",
        "inherit_codes": true
      },
      {
        "img": "images/master.png",
        "img_mods": "overlay|images/six.png",
        "inherit_codes": true
      },
      {
        "img": "images/master.png",
        "img_mods": "overlay|images/seven.png",
        "inherit_codes": true
      }
    ]
  },
  {
    "name": "Auto Master",
    "type": "toggle_badged",
    "base_item": "masterform1",
    "img": "images/triangle.png",
    "codes": "automaster"
  },
  {
    "name": "Final Form",
    "type": "progressive",
    "loop": true,
    "stages": [
      {
        "img": "images/final.png",
        "codes": "finalform1"
      },
      {
        "img": "images/final.png",
        "img_mods": "overlay|images/two.png",
        "inherit_codes": true
      },
      {
        "img": "images/final.png",
        "img_mods": "overlay|images/three.png",
        "inherit_codes": true
      },
      {
        "img": "images/final.png",
        "img_mods": "overlay|images/four.png",
        "inherit_codes": true
      },
      {
        "img": "images/final.png",
        "img_mods": "overlay|images/five.png",
        "inherit_codes": true
      },
      {
        "img": "images/final.png",
        "img_mods": "overlay|images/six.png",
        "inherit_codes": true
      },
      {
        "img": "images/final.png",
        "img_mods": "overlay|images/seven.png",
        "inherit_codes": true
      }
    ]
  },
  {
    "name": "Auto Final",
    "type": "toggle_badged",
    "base_item": "finalform1",
    "img": "images/triangle.png",
    "codes": "autofinal"
  },
  {
    "name": "High Jump",
    "type": "progressive",
    "stages": [
      {
        "img": "images/highjump1.png",
        "codes": "highjump1"
      },
      {
        "img": "images/highjump1.png",
        "img_mods": "overlay|images/two.png",
        "codes": "highjump2"
      },
      {
        "img": "images/highjump1.png",
        "img_mods": "overlay|images/three.png",
        "codes": "highjump3"
      },
      {
        "img": "images/highjump1.png",
        "img_mods": "overlay|images/four.png",
        "codes": "highjump4"
      }
    ]
  },
  {
    "name": "Quick Run",
    "type": "progressive",
    "stages": [
      {
        "img": "images/quickrun1.png",
        "codes": "quickrun1"
      },
      {
        "img": "imagesquickrun1.png",
        "img_mods": "overlay|images/two.png",
        "codes": "quickrun2"
      },
      {
        "img": "images/quickrun1.png",
        "img_mods": "overlay|images/three.png",
        "codes": "quickrun3"
      },
      {
        "img": "images/quickrun1.png",
        "img_mods": "overlay|images/four.png",
        "codes": "quickrun4"
      }
    ]
  },
  {
    "name": "Dodge Roll",
    "type": "progressive",
    "stages": [
      {
        "img": "images/dodgeroll1.png",
        "codes": "dodgeroll1"
      },
      {
        "img": "images/dodgeroll1.png",
        "img_mods": "overlay|images/two.png",
        "codes": "dodgeroll2"
      },
      {
        "img": "images/dodgeroll1.png",
        "img_mods": "overlay|images/three.png",
        "codes": "dodgeroll3"
      },
      {
        "img": "images/dodgeroll1.png",
        "img_mods": "overlay|images/four.png",
        "codes": "dodgeroll4"
      }
    ]
  },
  {
    "name": "Aerial Dodge",
    "type": "progressive",
    "stages": [
      {
        "img": "images/aerialdodge1.png",
        "codes": "aerialdodge1"
      },
      {
        "img": "images/aerialdodge1.png",
        "img_mods": "overlay|images/two.png",
        "codes": "aerialdodge2"
      },
      {
        "img": "images/aerialdodge1.png",
        "img_mods": "overlay|images/three.png",
        "codes": "aerialdodge3"
      },
      {
        "img": "images/aerialdodge1.png",
        "img_mods": "overlay|images/four.png",
        "codes": "aerialdodge4"
      }
    ]
  },
  {
    "name": "Glide",
    "type": "progressive",
    "stages": [
      {
        "img": "images/glide1.png",
        "codes": "glide1"
      },
      {
        "img": "images/glide1.png",
        "img_mods": "overlay|images/two.png",
        "codes": "glide2"
      },
      {
        "img": "images/glide1.png",
        "img_mods": "overlay|images/three.png",
        "codes": "glide3"
      },
      {
        "img": "images/glide1.png",
        "img_mods": "overlay|images/four.png",
        "codes": "glide4"
      }
    ]
  }
]