[
  {
    "name": "Fire",
    "type": "progressive",
    "stages": [
      {
        "img": "images/fire.png",
        "codes": "fire1"
      },
      {
        "img": "images/fire.png",
        "img_mods": "overlay|images/two.png"
      },
      {
        "img": "images/fire.png",
        "img_mods": "overlay|images/max.png"
      }
    ]
  },
  {
    "name": "Blizzard",
    "type": "progressive",
    "stages": [
      {
        "img": "images/blizzard.png",
        "codes": "blizzard1"
      },
      {
        "img": "images/blizzard.png",
        "img_mods": "overlay|images/two.png"
      },
      {
        "img": "images/blizzard.png",
        "img_mods": "overlay|images/max.png"
      }
    ]
  },
  {
    "name": "Thunder",
    "type": "progressive",
    "stages": [
      {
        "img": "images/thunder.png",
        "codes": "thunder1"
      },
      {
        "img": "images/thunder.png",
        "img_mods": "overlay|images/two.png"
      },
      {
        "img": "images/thunder.png",
        "img_mods": "overlay|images/max.png"
      }
    ]
  },
  {
    "name": "Cure",
    "type": "progressive",
    "stages": [
      {
        "img": "images/cure.png",
        "codes": "cure1"
      },
      {
        "img": "images/cure.png",
        "img_mods": "overlay|images/two.png"
      },
      {
        "img": "images/cure.png",
        "img_mods": "overlay|images/max.png"
      }
    ]
  },
  {
    "name": "Reflect",
    "type": "progressive",
    "stages": [
      {
        "img": "images/reflect.png",
        "codes": "reflect1"
      },
      {
        "img": "images/reflect.png",
        "img_mods": "overlay|images/two.png"
      },
      {
        "img": "images/reflect.png",
        "img_mods": "overlay|images/max.png"
      }
    ]
  },
  {
    "name": "Magnet",
    "type": "progressive",
    "stages": [
      {
        "img": "images/magnet.png",
        "codes": "magnet1"
      },
      {
        "img": "images/magnet.png",
        "img_mods": "overlay|images/two.png"
      },
      {
        "img": "images/magnet.png",
        "img_mods": "overlay|images/max.png"
      }
    ]
  }
]