[
  {
    "name": "Cup Tourneys",
    "type": "progressive",
    "stages": [
      {
        "img": "images/cup.png",
 	"codes": "cup1"
      },
      {
        "img": "images/cup.png",
        "img_mods": "overlay|images/two.png"
      },
      {
        "img": "images/cup.png",
        "img_mods": "overlay|images/three.png"
      },
      {
        "img": "images/cup.png",
        "img_mods": "overlay|images/four.png"
      }
    ]
  },
  {
    "name": "Promise Charm",
    "type": "toggle",
    "img": "images/promisecharm.png",
    "codes": "promisecharm"
  },
  {
    "name": "Proof of Nonexistence",
    "type": "progressive",
    "stages":[
      {
        "img": "images/non-existentproof.png",
        "codes": "proofofnonexistence"
      },
      {
        "img": "images/non-existentproof.png",
        "img_mods": "overlay|images/bronze.png",
        "codes": "proofofnonexistence1"
      },
      {
        "img": "images/non-existentproof.png",
        "img_mods": "overlay|images/silver.png",
        "codes": "proofofnonexistence2"
      },
      {
        "img": "images/non-existentproof.png",
        "img_mods": "overlay|images/gold.png",
        "codes": "proofofnonexistence3"
      }
    ]
  },
  {
    "name": "Proof of Connections",
    "type": "progressive",
    "stages":[
      {
        "img": "images/proofofconnections.png",
        "codes": "proofofconnections"
      },
      {
        "img": "images/proofofconnections.png",
        "img_mods": "overlay|images/bronze.png",
        "codes": "proofofconnections1"
      },
      {
        "img": "images/proofofconnections.png",
        "img_mods": "overlay|images/silver.png",
        "codes": "proofofconnections2"
      },
      {
        "img": "images/proofofconnections.png",
        "img_mods": "overlay|images/gold.png",
        "codes": "proofofconnections3"
      }
    ]
  },
  {
    "name": "Proof of Tranquility",
    "type": "progressive",
    "stages":[
      {
        "img": "images/tranquilproof.png",
        "codes": "proofoftranquility"
      },
      {
        "img": "images/tranquilproof.png",
        "img_mods": "overlay|images/bronze.png",
        "codes": "proofoftranquility1"
      },
      {
        "img": "images/tranquilproof.png",
        "img_mods": "overlay|images/silver.png",
        "codes": "proofoftranquility2"
      },
      {
        "img": "images/tranquilproof.png",
        "img_mods": "overlay|images/gold.png",
        "codes": "proofoftranquility3"
      }
    ]
  }
]