[
  {
    "name": "Simulated Twilight Town",
    "type": "toggle",
    "img": "images/roxasworld.png",
    "codes": "roxas1"
  },
  {
    "name": "Simulated roxas",
    "type": "toggle_badged",
    "base_item": "roxas1",
    "img": "images/roxas_overlay.png",
    "codes": "roxas"
  },
  {
    "name": "Twilight Town",
    "type": "progressive",
    "loop": true,
    "stages": [
      {
        "img": "images/twilighttown.png",
        "codes": "twilighttown1"
      },
      {
        "img": "images/twilighttown.png",
        "img_mods": "overlay|images/two.png",
        "codes": "twilighttown2"
      },
      {
        "img": "images/twilighttown.png",
        "img_mods": "overlay|images/three.png",
		    "codes": "twilighttown3"
      }
    ]
  },
  {
    "name": "Twilight Axel",
    "type": "toggle_badged",
    "base_item": "twilighttown1",
    "img": "images/axel_overlay.png",
    "codes": "twilighttown"
  },
  {
    "name": "Hollow Bastion",
    "type": "progressive",
    "loop": true,
    "stages": [
      {
        "img": "images/hollowbastion.png",
        "codes": "hollowbastion1"
      },
      {
        "img": "images/hollowbastion.png",
        "img_mods": "overlay|images/two.png",
        "codes": "hollowbastion2"
      },
      {
        "img": "images/hollowbastion.png",
        "img_mods": "overlay|images/three.png",
        "codes": "hollowbastion3"
      }
    ]
  },
  {
    "name": "Hollow Sephi",
    "type": "toggle_badged",
    "base_item": "hollowbastion1",
    "img": "images/sephiroth.png",
    "codes": "hollowsephi"
  },
  {
    "name": "Cavern of Remembrance",
    "type": "toggle",
    "img": "images/CoR.png",
    "codes": "cave"
  },
  {
    "name": "Space Paranoids",
    "type": "progressive",
    "loop": true,
    "stages": [
      {
        "img": "images/spaceparanoids.png",
        "codes": "spaceparanoids"
      },
      {
        "img": "images/spaceparanoids.png",
        "img_mods": "overlay|images/two.png",
        "codes": "spaceparanoids2"
      }
    ]
  },
  {
    "name": "Space Larx",
    "type": "toggle_badged",
    "base_item": "spaceparanoids",
    "img": "images/larxene_overlay.png",
    "codes": "spaceparanoids1"
  },
  {
    "name": "100 Acre Wood",
    "type": "progressive",
    "stages": [
      {
        "img": "images/acrewood.png",
        "codes": "acrewood1"
      },
      {
        "img": "images/acrewood.png",
        "img_mods": "overlay|images/two.png",
        "codes": "acrewood2"
      },
      {
        "img": "images/acrewood.png",
        "img_mods": "overlay|images/three.png",
        "codes": "acrewood3"
      },
      {
        "img": "images/acrewood.png",
        "img_mods": "overlay|images/four.png",
        "codes": "acrewood4"
      },
      {
        "img": "images/acrewood.png",
        "img_mods": "overlay|images/five.png",
        "codes": "acrewood5"
      },
      {
        "img": "images/acrewood.png",
        "img_mods": "overlay|images/six.png",
        "codes": "acrewood6"
      }
    ]
  },
  {
    "name": "The Land Of Dragons",
    "type": "progressive",
    "loop": true,
    "stages": [
      {
        "img": "images/landofdragons.png",
        "codes": "landofdragons1"
      },
      {
        "img": "images/landofdragons.png",
        "img_mods": "overlay|images/two.png",
        "codes": "landofdragons2"
      }
    ]
  },
  {
    "name": "Land Xigbar",
    "type": "toggle_badged",
    "base_item": "landofdragons1",
    "img": "images/xigbar_overlay.png",
    "codes": "landofdragons"
  },
  {
    "name": "Beast's Castle",
    "type": "progressive",
    "loop": true,
    "stages": [
      {
        "img": "images/beastscastle.png",
        "codes": "beastscastle1"
      },
      {
        "img": "images/beastscastle.png",
        "img_mods": "overlay|images/two.png",
        "codes": "beastscastle2"
      }
    ]
  },
  {
    "name": "Beast Xald",
    "type": "toggle_badged",
    "base_item": "beastscastle1",
    "img": "images/xaldin_overlay.png",
    "codes": "beastscastle"
  },
  {
    "name": "Olympus Coliseum",
    "type": "progressive",
    "loop": true,
    "stages": [
      {
        "img": "images/olympus.png",
        "codes": "olympus1"
      },
      {
        "img": "images/olympus.png",
        "img_mods": "overlay|images/two.png",
        "codes": "olympus2"
      }
    ]
  },
  {
    "name": "Olympus Zex",
    "type": "toggle_badged",
    "base_item": "olympus1",
    "img": "images/zexion_overlay.png",
    "codes": "olympus"
  },
  {
    "name": "Disney Castle",
    "type": "progressive",
    "loop": true,
    "stages": [
      {
      "img": "images/disneycastle.png",
      "codes": "disneycastle1"
      },
      {
        "img": "images/disneycastle.png",
        "img_mods": "overlay|images/marxluxia_overlay.png",
        "codes": "disneycastle2"
      }
    ]
  },
  {
    "name": "Disney Castle w/ lingering",
    "type": "toggle_badged",
    "base_item": "disneycastle1",
    "img": "images/lingering.png",
    "codes": "disneylinger"
  },
  {
    "name": "Timeless River",
    "type": "toggle",
    "img": "images/timelessriver.png",
    "codes": "timelessriver1"
  },
  {
    "name": "Atlantica",
    "type": "progressive",
    "loop": true,
    "stages": [
      {
        "img": "images/atlantica.png",
        "codes": "atlantica"
      },
      {
        "img": "images/atlantica.png",
        "img_mods": "overlay|images/two.png",
        "codes": "atlantica2"
      },
      {
        "img": "images/atlantica.png",
        "img_mods": "overlay|images/three.png",
        "codes": "atlantica3"
      },
      {
        "img": "images/atlantica.png",
        "img_mods": "overlay|images/four.png",
        "codes": "atlantica4"
      },
      {
        "img": "images/atlantica.png",
        "img_mods": "overlay|images/five.png",
        "codes": "atlantica5"
      }
    ]
  },
  {
    "name": "Agrabah",
    "type": "progressive",
    "loop": true,
    "stages": [
      {
        "img": "images/agrabah.png",
        "codes": "agrabah1"
      },
      {
        "img": "images/agrabah.png",
        "img_mods": "overlay|images/two.png",
        "codes": "agrabah2"
      }
    ]
  },
  {
    "name": "Agrabah Lex",
    "type": "toggle_badged",
    "base_item": "agrabah1",
    "img": "images/lexaeus_overlay.png",
    "codes": "agrabah"
  },
  {
    "name": "Halloween Town",
    "type": "progressive",
    "loop": true,
    "stages": [
      {
        "img": "images/halloweentown.png",
        "codes": "halloweentown1"
      },
      {
        "img": "images/halloweentown.png",
        "img_mods": "overlay|images/two.png",
        "codes": "halloweentown2"
      }
    ]
  },
  {
    "name": "Halloween Vex",
    "type": "toggle_badged",
    "base_item": "halloweentown1",
    "img": "images/vexen_overlay.png",
    "codes": "halloweentown"
  },
  {
    "name": "Port Royal",
    "type": "progressive",
    "loop": true,
    "stages": [
      {
        "img": "images/portroyal.png",
        "codes": "portroyal1"
      },
      {
        "img": "images/portroyal.png",
        "img_mods": "overlay|images/two.png",
        "codes": "portroyal2"
      }
    ]
  },
  {
    "name": "Port Lux",
    "type": "toggle_badged",
    "base_item": "portroyal1",
    "img": "images/luxord_overlay.png",
    "codes": "portroyal"
  },
  {
    "name": "Pride Lands",
    "type": "progressive",
    "loop": true,
    "stages": [
      {
        "img": "images/pridelands.png",
        "codes": "pridelands1"
      },
      {
        "img": "images/pridelands.png",
        "img_mods": "overlay|images/two.png",
        "codes": "pridelands2"
      }
    ]
  },
  {
    "name": "Pride Saix",
    "type": "toggle_badged",
    "base_item": "pridelands1",
    "img": "images/saix_overlay.png",
    "codes": "pridelands"
  },
  {
    "name": "The World That Never Was",
    "type": "progressive",
    "loop": true,
    "stages":[
      {
        "img": "images/twtnw.png",
        "codes": "twtnw1"
      }
    ]
  },
  {
    "name": "twtnw xem",
    "type": "toggle_badged",
    "base_item": "twtnw1",
    "img": "images/xemnas_overlay.png",
    "codes": "twtnw"
  }
]