[
  {
    "name": "Special Bosses",
    "children": [
      //SimulatedTT
      {
        "name": "Simulated TT",
        "color": "#18a50e",
        "children": [
          {
            "name": "STTSpecial",
            "color": "#09a09d",
            "children": [
              {
                "name": "Data Roxas",
                "access_rules": [
                  "setting_dataorg"
                ],
                "sections": [
                  {
                    "chest_unopened_img": "images/roxas.png",
                    "chest_opened_img": "images/keyhole.png",
                    "item_count": 1
                  }
                ],
                "map_locations": [
                  {
                    "map": "SimulatedTT",
                    "x": 995,
                    "y": 165
                  }
                ]
              },
              {
                "name": "Data Axel",
                "access_rules": [
                  "setting_dataorg"
                ],
                "sections": [
                  {
                    "chest_unopened_img": "images/axel.png",
                    "chest_opened_img": "images/keyhole.png",
                    "item_count": 1
                  }
                ],
                "map_locations": [
                  {
                    "map": "SimulatedTT",
                    "x": 1365,
                    "y": 235
                  }
                ]
              }
            ]
          }
        ]
      },
      //Halloween Town
      {
        "name": "Halloween Town",
        "color": "#18a50e",
        "children": [
          {
            "name": "HTSpecial",
            "color": "#09a09d",
            "children": [
              {
                "name": "Vexen Absent",
                "access_rules": [
                  "setting_absent"
                ],
                "sections": [
                  {
                    "chest_unopened_img": "images/vexen.png",
                    "chest_opened_img": "images/keyhole.png",
                    "item_count": 1
                  }
                ],
                "map_locations": [
                  {
                    "map": "HalloweenTown",
                    "x": 200,
                    "y": 1152
                  }
                ]
              }
            ]
          }
        ]
      },
      //Land of Dragons
      {
        "name": "Land of Dragons",
        "color": "#18a50e",
        "children": [
          {
            "name": "LODSpecial",
            "color": "#09a09d",
            "children": [
              {
                "name": "Data Xigbar",
                "access_rules": [
                  "setting_absent"
                ],
                "sections": [
                  {
                    "chest_unopened_img": "images/xigbar.png",
                    "chest_opened_img": "images/keyhole.png",
                    "item_count": 1
                  }
                ],
                "map_locations": [
                  {
                    "map": "LandOfDragons",
                    "x": 340,
                    "y": 127
                  }
                ]
              }
            ]
          }
        ]
      },
      //Beasts Castle
      {
        "name": "Beasts Castle",
        "color": "#18a50e",
        "children": [
          {
            "name": "BCSpecial",
            "color": "#09a09d",
            "children": [
              {
                "name": "Data Xaldin",
                "access_rules": [
                  "setting_dataorg"
                ],
                "sections": [
                  {
                    "chest_unopened_img": "images/xaldin.png",
                    "chest_opened_img": "images/keyhole.png",
                    "item_count": 1
                  }
                ],
                "map_locations": [
                  {
                    "map": "BeastsCastle",
                    "x": 498,
                    "y": 273
                  }
                ]
              }
            ]
          }
        ]
      },
      //Hollow Bastion
      {
        "name": "Hollow Bastion",
        "color": "#18a50e",
        "children": [
          {
            "name": "HBSpecial",
            "color": "#09a09d",
            "children": [
              {
                "name": "Sephiroth",
                "access_rules": [
                  "setting_sephiroth"
                ],
                "sections": [
                  {
                    "chest_unopened_img": "images/sephiroth.png",
                    "chest_opened_img": "images/keyhole.png",
                    "item_count": 1
                  }
                ],
                "map_locations": [
                  {
                    "map": "HollowBastion",
                    "x": 320,
                    "y": 2415
                  }
                ]
              },
              {
                "name": "Data Demyx",
                "access_rules": [
                  "setting_dataorg"
                ],
                "sections": [
                  {
                    "chest_unopened_img": "images/demyx.png",
                    "chest_opened_img": "images/keyhole.png",
                    "item_count": 1
                  }
                ],
                "map_locations": [
                  {
                    "map": "HollowBastion",
                    "x": 488,
                    "y": 1070
                  }
                ]
              }
            ]
          }
        ]
      },
      //Olympus Coliseum
      {
        "name": "Olympus Coliseum",
        "color": "#18a50e",
        "children": [
          {
            "name": "OCSpecial",
            "color": "#09a09d",
            "children": [
              {
                "name": "Zexion Absent",
                "access_rules": [
                  "setting_absent"
                ],
                "sections": [
                  {
                    "chest_unopened_img": "images/zexion.png",
                    "chest_opened_img": "images/keyhole.png",
                    "item_count": 1
                  }
                ],
                "map_locations": [
                  {
                    "map": "Olympus",
                    "x": 80,
                    "y": 980
                  }
                ]
              }
            ]
          }
        ]
      },
      //Disney Castle
      {
        "name": "Disney Castle",
        "color": "#18a50e",
        "children": [
          {
            "name": "DCSpecial",
            "color": "#09a09d",
            "children": [
              {
                "name": "Lingering Will",
                "access_rules": [
                  "setting_lingering"
                ],
                "sections": [
                  {
                    "chest_unopened_img": "images/lingering.png",
                    "chest_opened_img": "images/keyhole.png",
                    "item_count": 1
                  }
                ],
                "map_locations": [
                  {
                    "map": "DisneyCastle",
                    "x": 237,
                    "y": 106
                  }
                ]
              },
              {
                "name": "Marluxia Absent",
                "access_rules": [
                  "setting_absent"
                ],
                "sections": [
                  {
                    "chest_unopened_img": "images/absent.png",
                    "chest_opened_img": "images/keyhole.png",
                    "item_count": 1
                  }
                ],
                "map_locations": [
                  {
                    "map": "DisneyCastle",
                    "x": 204,
                    "y": 130
                  }
                ]
              }
            ]
          }
        ]
      },
      //Agrabah
      {
        "name": "Agrabah",
        "color": "#18a50e",
        "children": [
          {
            "name": "AGSpecial",
            "color": "#09a09d",
            "children": [
              {
                "name": "Lexaeus Absent",
                "access_rules": [
                  "setting_absent"
                ],
                "sections": [
                  {
                    "chest_unopened_img": "images/lexaeus.png",
                    "chest_opened_img": "images/keyhole.png",
                    "item_count": 1
                  }
                ],
                "map_locations": [
                  {
                    "map": "Agrabah",
                    "x": 830,
                    "y": 235
                  }
                ]
              }
            ]
          }
        ]
      },
      //Port Royal
      {
        "name": "Port Royal",
        "color": "#18a50e",
        "children": [
          {
            "name": "PRBosses",
            "color": "#09a09d",
            "children": [
              {
                "name": "Data Luxord",
                "access_rules": [
                  "setting_dataorg"
                ],
                "sections": [
                  {
                    "chest_unopened_img": "images/luxord.png",
                    "chest_opened_img": "images/keyhole.png",
                    "item_count": 1
                  }
                ],
                "map_locations": [
                  {
                    "map": "PortRoyal",
                    "x": 557,
                    "y": 37
                  }
                ]
              }
            ]
          }
        ]
      },
      //Pride Lands
      {
        "name": "Pride Lands",
        "color": "#18a50e",
        "children": [
          {
            "name": "PLBosses",
            "color": "#09a09d",
            "children": [
              {
                "name": "Data Saix",
                "access_rules": [
                  "setting_dataorg"
                ],
                "sections": [
                  {
                    "chest_unopened_img": "images/saix.png",
                    "chest_opened_img": "images/keyhole.png",
                    "item_count": 1
                  }
                ],
                "map_locations": [
                  {
                    "map": "PortRoyal",
                    "x": 455,
                    "y": 115
                  }
                ]
              }
            ]
          }
        ]
      },
      //TWTNW
      {
        "name": "TWTNW",
        "color": "#18a50e",
        "children": [
          {
            "name": "TWTNWSBosses",
            "color": "#09a09d",
            "children": [
              {
                "name": "Data Xemnas",
                "access_rules": [
                  "setting_dataorg"
                ],
                "sections": [
                  {
                    "name": "Talk to Riku",
                    "chest_unopened_img": "images/xemnas.png",
                    "chest_opened_img": "images/keyhole.png",
                    "item_count": 1
                  }
                ],
                "map_locations": [
                  {
                    "map": "TWTNWCastle",
                    "x": 295,
                    "y": 125
                  }
                ]
              }
            ]
          }
        ]
      }
    ]
  }
]