{
  "item_grid_tall": {
    "type": "array",
    "orientation": "vertical",
    "content": [
      {
        "type": "itemgrid",
        "h_alignment": "left",
        "item_margin": "1,2",
        "item_size": 75,
        "rows": [
          [
            "fire1",
            "blizzard1",
            "thunder1",
            "chickenlittle",
            "peterpan"
          ],
          [
            "cure1",
            "reflect1",
            "magnet1",
            "genie",
            "stitch"
          ],
          [
            "autovalor",
            "autowisdom",
            "autolimit",
            "automaster",
            "autofinal"
          ],
          [
            "highjump1",
            "quickrun1",
            "dodgeroll1",
            "aerialdodge1",
            "glide1"
          ],
          [
            "sora",
            "secondchance",
            "oncemore",
            "tornpages",
            "secretreports"
          ],
          [
            "promisecharm",
            "proofoftranquility",
            "proofofnonexistence",
            "proofofconnections"
          ]
        ]
      }
    ]
  },
  "item_grid_wide": {
    "type": "array",
    "orientation": "vertical",
    "content": [
      {
        "type": "itemgrid",
        "h_alignment": "left",
        "item_margin": "1,2",
	"item_size": 75,
        "rows": [
          [
            "roxas",
            "twilighttown",
            "hollowsephi",
            "cave",
            "spaceparanoids1",
            "acrewood1"
          ],
          [
            "landofdragons",
            "beastscastle",
            "olympus",
            "disneylinger",
            "timelessriver1",
            "atlantica"
          ],
          [
            "agrabah",
            "halloweentown",
            "portroyal",
            "pridelands",
            "twtnw",
            "cup1"
          ],
          [
            "fire1",
            "blizzard1",
            "thunder1",
            "cure1",
            "reflect1",
            "magnet1"
          ],
          [
            "autovalor",
            "autowisdom",
            "autolimit",
            "automaster",
            "autofinal",           
            "proofofnonexistence"
          ],
          [
            "highjump1",
            "quickrun1",
            "dodgeroll1",
            "aerialdodge1",
            "glide1",
            "proofofconnections"
          ],
          [
            "genie",
            "stitch",
            "chickenlittle",
            "peterpan",
            "promisecharm",
            "proofoftranquility"
          ],
          [
            "sora",
            "oncemore",
            "secondchance",
            "tornpages",
            "secretreports"
          ]
        ]
      }
    ]
  }
}