{
  "item_grid_tall": {
    "type": "array",
    "orientation": "vertical",
    "content": [
      {
        "type": "itemgrid",
        "h_alignment": "left",
        "item_margin": "1,2",
        "item_size": 60,
        "rows": [
          [
            "roxas",
            "twilighttown1",
            "hollowsephi",
            "cave",
            "spaceparanoids1"
          ],
          [
            "landofdragons1",
            "acrewood1",
            "beastscastle1",
            "olympus1",
            "disneylinger"
          ],
          [
            "agrabah1",
            "halloweentown1",
            "portroyal1",
            "timelessriver1",
            "atlantica1"
          ],
          [
            "pridelands1",
            "twtnw1",
            "cup1"
          ],
          [
            "fire1",
            "blizzard1",
            "thunder1",
            "chickenlittle",
            "peterpan"
          ],
          [
            "cure1",
            "reflect1",
            "magnet1",
            "genie",
            "stitch"
          ],
          [
            "autovalor",
            "autowisdom",
            "autolimit",
            "automaster",
            "autofinal"
          ],
          [
            "highjump1",
            "quickrun1",
            "dodgeroll1",
            "aerialdodge1",
            "glide1"
          ],
          [
            "promisecharm",
            "proofoftranquility",
            "proofofnonexistence",
            "proofofconnections"
          ]
        ]
      }
    ]
  },
  "item_grid_wide": {
    "type": "array",
    "orientation": "vertical",
    "content": [
      {
        "type": "itemgrid",
        "h_alignment": "left",
        "item_margin": "1,2",
	"item_size": 60,
        "rows": [
          [
            "roxas",
            "twilighttown1",
            "hollowsephi",
            "cave",
            "spaceparanoids1",
            "acrewood1"
          ],
          [
            "landofdragons1",
            "beastscastle1",
            "olympus1",
            "disneylinger",
            "timelessriver1",
            "atlantica1"
          ],
          [
            "agrabah1",
            "halloweentown1",
            "portroyal1",
            "pridelands1",
            "twtnw1",
            "cup1"
          ],
          [
            "fire1",
            "blizzard1",
            "thunder1",
            "cure1",
            "reflect1",
            "magnet1"
          ],
          [
            "autovalor",
            "autowisdom",
            "autolimit",
            "automaster",
            "autofinal",           
            "proofofnonexistence"
          ],
          [
            "highjump1",
            "quickrun1",
            "dodgeroll1",
            "aerialdodge1",
            "glide1",
            "proofofconnections"
          ],
          [
            "genie",
            "stitch",
            "chickenlittle",
            "peterpan",
            "promisecharm",
            "proofoftranquility"
          ]
        ]
      }
    ]
  }
}