{
  "options_popup": {
    "type": "tabbed",
    "tabs": [
      {
        "title": "Main Rules",
        "content": {
          "type": "itemgrid",
          //"h_alignment": "left",
          "item_margin": "1,2",
          "item_size": 60,
          "rows": [
            [
              "setting_absent",
              "setting_dataorg"
            ],
            [
              "setting_lingering",
              "setting_sephiroth"
            ]
          ]
        }
      }
    ]
  }
}